ID,Name,Utilization,Period,WCET
1,fft,0.179595,3.172402,0.569749
2,fft,0.240484,2.369171,0.569749
3,fft,0.107698,5.290240,0.569749
4,fft,0.271841,2.095894,0.569749
5,fft,0.198521,2.869964,0.569749
6,fft,0.124087,4.591539,0.569749
7,fft,0.298394,1.909383,0.569749
8,fft,0.170066,3.350156,0.569749
9,fft,0.103003,5.531392,0.569749
10,fft,0.234514,2.429487,0.569749
11,fft,0.184223,3.092717,0.569749
12,fft,0.226353,2.517087,0.569749
13,fft,0.119063,4.785266,0.569749
14,fft,0.269157,2.116792,0.569749
15,fft,0.245129,2.324284,0.569749
16,fft,0.227872,2.500307,0.569749
