ID,Name,Utilization,Period,WCET
1,fft,0.217845,2.595313,0.565375
2,fft,0.173384,3.260825,0.565375
3,fft,0.172720,3.273352,0.565375
4,fft,0.231598,2.441195,0.565375
5,fft,0.136186,4.151479,0.565375
6,fft,0.289487,1.953025,0.565375
7,fft,0.132720,4.259902,0.565375
8,fft,0.241650,2.339641,0.565375
9,fft,0.286181,1.975588,0.565375
10,fft,0.235163,2.404186,0.565375
11,fft,0.177305,3.188714,0.565375
12,fft,0.114024,4.958395,0.565375
13,fft,0.274499,2.059660,0.565375
14,fft,0.205437,2.752054,0.565375
15,fft,0.186773,3.027076,0.565375
16,fft,0.124588,4.537956,0.565375
17,fft,0.000441,1281.682828,0.565375
